Bezeichnung,Zeitraum,von - bis,Durchführungstage,Postleitzahl,Ort
BKA ,11/ Jan/,13/ Jan/,3,89267,Illertissen
Informationsveranstaltung,11/ Jan/,14/ Jan/,4,89257,Illertissen
Berufs- und Studieninformationstag,12/ Jan/,12/ Jan/,1,92224,Amberg
Berufsinfoabend ,13/ Jan/,13/ Jan/,1,87700,Memmingen
Informationsveranstaltung,13/ Jan/,13/ Jan/,1,87700,Memmingen
Informationsveranstaltung,14/ Jan/,14/ Jan/,1,91717,Wassertrüdingen
Informationsveranstaltung,14/ Jan/,14/ Jan/,1,94327,Bogen
Informationsveranstaltung,14/ Jan/,14/ Jan/,1,93083,Obertraubling
Informationsveranstaltung,15/ Jan/,15/ Jan/,1,97616,Bad Neustadt
Informationsveranstaltung,16/ Jan/,16/ Jan/,1,93073,Neutraubling
Informationsveranstaltung,18/ Jan/,18/ Jan/,1,91564,Neuendettelsau
Informationsveranstaltung,18/ Jan/,18/ Jan/,1,81735,München
BKA ,18/ Jan/,21/ Jan/,4,86159,Augsburg
Informationsveranstaltung,18/ Jan/,21/ Jan/,4,86161,Augsburg
Berufsinformationsabend ,19/ Jan/,19/ Jan/,1,83022,Rosenheim
Informationsveranstaltung,19/ Jan/,19/ Jan/,1,86633,Neuburg
Berufsinfomesse,20/ Jan/,20/ Jan/,1,83104,Tuntenhausen
Informationsveranstaltung,20/ Jan/,20/ Jan/,1,96106,Ebern
Informationsveranstaltung,20/ Jan/,20/ Jan/,1,97422,Schweinfurt
Berufsinformationstag ,21/ Jan/,21/ Jan/,1,82319,Starnberg
Berufsinformationsabend ,21/ Jan/,21/ Jan/,1,83703,Gmund
Informationsveranstaltung,21/ Jan/,21/ Jan/,1,86633,Neuburg
Informationsveranstaltung,22/ Jan/,22/ Jan/,1,97453,Schonungen
Berufsmesse ,23/ Jan/,23/ Jan/,1,96106,Ebern
Berufsinformationstag ,23/ Jan/,23/ Jan/,1,82291,Mammendorf
5. Informationstag Beruf & Studium,23/ Jan/,23/ Jan/,1,83471,Berchtesgaden
Ausbildungsmesse,23/ Jan/,23/ Jan/,1,95100,Selb
Informationsveranstaltung,23/ Jan/,23/ Jan/,1,96106,Ebern
Informationsveranstaltung,23/ Jan/,23/ Jan/,1,95100,Selb
Informationsveranstaltung,23/ Jan/,23/ Jan/,1,82291,Mammendorf
Jobmesse,23/ Jan/,24/ Jan/,2,80939,München
Berufsinfoabend ,25/ Jan/,25/ Jan/,1,97222,Rimpar
Informationsveranstaltung,25/ Jan/,25/ Jan/,1,91074,Herzogenaurach
Informationsveranstaltung,25/ Jan/,25/ Jan/,1,94327,Bogen
Berufsorientierungsabend ,26/ Jan/,26/ Jan/,1,83512,Wasserburg
Informationsveranstaltung,26/ Jan/,26/ Jan/,1,85435,Erding
Informationsveranstaltung,26/ Jan/,26/ Jan/,1,97769,Bad Brückenau
Informationsveranstaltung,26/ Jan/,26/ Jan/,1,97082,Würzburg
Informationsveranstaltung,27/ Jan/,27/ Jan/,1,95478,Kemnath
Informationsveranstaltung,27/ Jan/,27/ Jan/,1,95213,Münchberg
Informationsveranstaltung,27/ Jan/,27/ Jan/,1,92318,Neumarkt in der Oberpfalz
Berufsbörse ,28/ Jan/,28/ Jan/,1,97318,Kitzingen
Studien- u. Berufsbörse ,28/ Jan/,28/ Jan/,1,96215,Lichtenfels
Tag der Berufsorierentierung ,28/ Jan/,28/ Jan/,1,91154,Roth
Berufsinformationsabend ,28/ Jan/,28/ Jan/,1,82377,Penzberg
Berufsinformationsabend ,28/ Jan/,28/ Jan/,1,83646,Bad Tölz
Informationsveranstaltung,28/ Jan/,28/ Jan/,1,91154,Roth
Informationsveranstaltung,28/ Jan/,28/ Jan/,1,96050,Bamberg
Informationsveranstaltung,28/ Jan/,28/ Jan/,1,87435,Kempten
Informationsveranstaltung,28/ Jan/,28/ Jan/,1,87466,Oy-Mittelberg
Informationsveranstaltung,29/ Jan/,29/ Jan/,1,91560,Heilsbronn
parentum,30/ Jan/,30/ Jan/,1,90411,Nürnberg
Berufsfindungstag ,30/ Jan/,30/ Jan/,1,96450,Coburg
5. Berufsinformationstag,30/ Jan/,30/ Jan/,1,86607,Buchloe
Informationsveranstaltung,30/ Jan/,30/ Jan/,1,93073,Neutraubling
Berufsinformationsabend ,1/ Feb/,1/ Feb/,1,82488,Ettal
Informationsveranstaltung,1/ Feb/,1/ Feb/,1,91560,Heilsbronn
Informationsveranstaltung,1/ Feb/,1/ Feb/,1,84028,Landshut
Berufsinformationstag ,2/ Feb/,2/ Feb/,1,82024,Taufkirchen
Berufsorientierungstag ,2/ Feb/,2/ Feb/,1,83043,Bad Aibling
Informationsveranstaltung,2/ Feb/,2/ Feb/,1,95643,Tirschenreuth
Informationsveranstaltung,2/ Feb/,2/ Feb/,1,93426,Roding
Jobmesse,3/ Feb/,3/ Feb/,1,90478,Nürnberg
Informationsveranstaltung,3/ Feb/,3/ Feb/,1,91161,Hilpoltstein
Informationsveranstaltung,3/ Feb/,3/ Feb/,1,95448,Bayreuth
10. Ainringer Berufsinfotag ,4/ Feb/,4/ Feb/,1,83404,Ainring
Berufsinformationsabend ,4/ Feb/,4/ Feb/,1,82211,Herrsching
Berufsinformationsabend ,4/ Feb/,4/ Feb/,1,82362,Weilheim
Informationsveranstaltung,4/ Feb/,4/ Feb/,1,80336,München
Informationsveranstaltung,4/ Feb/,4/ Feb/,1,63741,Aschaffenburg
Informationsveranstaltung,4/ Feb/,4/ Feb/,1,97353,Wiesentheid
Informationsveranstaltung,4/ Feb/,4/ Feb/,1,97753,Karlstadt
Berufsinformationstag ,5/ Feb/,5/ Feb/,1,91315,Höchstadt
Informationsveranstaltung,5/ Feb/,5/ Feb/,1,97702,Münnerstadt
Messe f.re.e,10/ Feb/,14/ Feb/,5,81823,München
Informationsveranstaltung,15/ Feb/,15/ Feb/,1,97424,Schweinfurt
Informationsveranstaltung,15/ Feb/,15/ Feb/,1,94557,Niederalteich
Berufsinfoabend ,16/ Feb/,16/ Feb/,1,90451,Nürnberg
Informationsveranstaltung,16/ Feb/,16/ Feb/,1,91575,Windsbach
Berufsinformationsabend,17/ Feb/,17/ Feb/,1,97215,Uffenheim
Informationsveranstaltung,17/ Feb/,17/ Feb/,1,97437,Haßfurt
Informationsveranstaltung,17/ Feb/,17/ Feb/,1,87471,Durach
Informationsveranstaltung,17/ Feb/,18/ Feb/,2,91413,Neustadt a.d. Aisch
Realize your vision!,18/ Feb/,18/ Feb/,1,90471,Nürnberg
Informationsveranstaltung,18/ Feb/,18/ Feb/,1,83435,Bad Reichenhall
Informationsveranstaltung,18/ Feb/,18/ Feb/,1,85354,Freising
Informationsveranstaltung,18/ Feb/,18/ Feb/,1,81927,München
Informationsveranstaltung,18/ Feb/,18/ Feb/,1,81539,München
Informationsveranstaltung,18/ Feb/,18/ Feb/,1,97631,Bad Kissingen
Informationsveranstaltung,18/ Feb/,18/ Feb/,1,97816,Lohr
Ausbildungsmesse,18/ Feb/,20/ Feb/,3,89073,Ulm
Berufsbildungsmesse für Gesundheit u. Soziales GEZIAL,19/ Feb/,19/ Feb/,1,86159,Augsburg
Aus- und Weiterbildungswoche ,19/ Feb/,19/ Feb/,1,63741,Aschaffenburg
Informationsveranstaltung,19/ Feb/,19/ Feb/,1,94486,Osterhofen
Informationsveranstaltung,19/ Feb/,19/ Feb/,1,97070,Würzburg
Ausbildungsmesse,19/ Feb/,20/ Feb/,2,94032,Passau
"Berufsinformationsmesse ""Fit for Job""",20/ Feb/,20/ Feb/,1,91315,Höchstädt
Startschuss Abi,20/ Feb/,20/ Feb/,1,81669,München
Stuzubi,20/ Feb/,20/ Feb/,1,90478,Nürnberg
Abitura,20/ Feb/,20/ Feb/,1,95326,Kulmbach
Grabfelder Jobmeile,21/ Feb/,21/ Feb/,1,97631,Bad Königshofen i. Grabfeld
10. Berufsinformationstag ,21/ Feb/,21/ Feb/,1,97688,Bad Kissingen
Berufsinformationstag ,24/ Feb/,24/ Feb/,1,82515,Wolfratshausen
Jobbörse ,24/ Feb/,24/ Feb/,1,85221,Dachau
Jobbörse 2016 ,24/ Feb/,24/ Feb/,1,83064,Raubling
Informationsveranstaltung,24/ Feb/,24/ Feb/,1,94060,Pocking
Informationsveranstaltung,24/ Feb/,24/ Feb/,1,84503,Altötting
Informationsveranstaltung,24/ Feb/,24/ Feb/,1,82515,Wolfratshausen
"Messe Freizeit, Tourist & Garten 2016",24/ Feb/,28/ Feb/,5,90471,Nürnberg
Internationale Handwerksmesse,24/ Feb/,1/ Mrz/,7,81823,München
Jobmesse,25/ Feb/,25/ Feb/,1,82362,Weilheim
Informationsveranstaltung,25/ Feb/,25/ Feb/,1,91154,Roth
Berufsinformationstag,26/ Feb/,26/ Feb/,1,90522,Oberasbach
Amberger Bewerbernacht,26/ Feb/,26/ Feb/,1,92224,Amberg
Informationsveranstaltung,26/ Feb/,26/ Feb/,1,85435,Erding
Studien- und Berufsbasar ,26/ Feb/,27/ Feb/,2,90489,Nürnberg
Studienbasar ,26/ Feb/,27/ Feb/,2,90489,Nürnberg
Studienmesse: BA,27/ Feb/,27/ Feb/,1,96052,Bamberg
Fit for Job,27/ Feb/,27/ Feb/,1,86159,Augsburg
Stuzubi,27/ Feb/,27/ Feb/,1,80939,München
13. Hilpoltsteiner Lehrstellenbörse,27/ Feb/,27/ Feb/,1,91161,Hilpoltstein
Ausbildungsmesse,27/ Feb/,27/ Feb/,1,95652,Waldsassen
Berufsmesse Schulverbund Vorspessart,27/ Feb/,27/ Feb/,1,63768,Hösbach
Berufsfindungstag ,27/ Feb/,27/ Feb/,1,86529,Schrobenhausen
3. Ausbildungsmesse im Vierstädtedreieck,27/ Feb/,27/ Feb/,1,92676,Eschenbach
Ausbildungsbörse,27/ Feb/,27/ Feb/,1,95444,Bayreuth
Informationsveranstaltung,27/ Feb/,27/ Feb/,1,93155,Hemau
Informationsveranstaltung,27/ Feb/,27/ Feb/,1,93326,Abensberg
Berufsinfotag Sparkasse,28/ Feb/,28/ Feb/,1,87600,Kaufbeuren
"Bildungsmesse ""Fit für die Zukunft""",28/ Feb/,29/ Feb/,2,93142,Maxhütte-Haidhof
Ausbildungsbörse ,1/ Mrz/,1/ Mrz/,1,91052,Erlangen
Studien- u. Berufswahlmesse  für Abiturienten 2016,2/ Mrz/,2/ Mrz/,1,83278,Traunstein
Informationsveranstaltung,2/ Mrz/,2/ Mrz/,1,97828,Marktheidenfeld
WIR 2016,2/ Mrz/,6/ Mrz/,5,89407,Dillingen
Informationsveranstaltung,3/ Mrz/,3/ Mrz/,1,85049,Ingolstadt
Informationsveranstaltung,3/ Mrz/,3/ Mrz/,1,81737,München
Informationsveranstaltung,3/ Mrz/,3/ Mrz/,1,80339,München
Informationsveranstaltung,4/ Mrz/,4/ Mrz/,1,89233,Neu-Ulm
Informationsveranstaltung,4/ Mrz/,4/ Mrz/,1,91522,Ansbach
Informationsveranstaltung,4/ Mrz/,4/ Mrz/,1,86529,Schrobenhausen
Ausbildungsbörse ,5/ Mrz/,5/ Mrz/,1,96215,Lichtenfels
Ausbildungsbörse ,5/ Mrz/,5/ Mrz/,1,97437,Haßfurt
Berufemarkt,5/ Mrz/,5/ Mrz/,1,90530,Wendelstein
Ausbildungsmesse,5/ Mrz/,5/ Mrz/,1,91301,Forchheim
19. Allgäuer Lehrstellenbörse,5/ Mrz/,5/ Mrz/,1,87435,Kempten
Arbeitskreis Wirtschaft/Schule,5/ Mrz/,5/ Mrz/,1,84036,Landshut
Job + Ausbildungsbörse Donaumoos,5/ Mrz/,5/ Mrz/,1,86668,Karlshuld
Informationsveranstaltung,5/ Mrz/,5/ Mrz/,1,93073,Neutraubling
Jobmesse,5/ Mrz/,6/ Mrz/,2,90411,Nürnberg
Informationsveranstaltung,7/ Mrz/,7/ Mrz/,1,83064,Raubling
BKA ,7/ Mrz/,11/ Mrz/,5,83278,Traunstein
BKA,8/ Mrz/,9/ Mrz/,2,96114,Hirschaid
Informationsveranstaltung,8/ Mrz/,9/ Mrz/,2,96114,Hirschaid
Informationsveranstaltung,9/ Mrz/,9/ Mrz/,1,91522,Ansbach
Berufe im Bereich Schutz und Sicherheit,10/ Mrz/,10/ Mrz/,1,90762,Fürth
Ausbildungsbörse,10/ Mrz/,10/ Mrz/,1,91550,Dinkelsbühl
Informationsveranstaltung,11/ Mrz/,11/ Mrz/,1,91522,Ansbach
azubi- & studientage,11/ Mrz/,12/ Mrz/,2,80939,München
17. Berufs-Informations-Tage Main-Spessart,11/ Mrz/,12/ Mrz/,2,97737,Gemünden
6. Berufsinformationstag,12/ Mrz/,12/ Mrz/,1,87719,Mindelheim
Brave Heart Battle,12/ Mrz/,12/ Mrz/,1,97653,Bischofsheim
Ausbildungsmesse ,12/ Mrz/,12/ Mrz/,1,96215,Lichtenfels
Berufswegekompass,12/ Mrz/,12/ Mrz/,1,63927,Bürgstadt
Informationsveranstaltung,14/ Mrz/,14/ Mrz/,1,91058,Erlangen
Informationsveranstaltung,14/ Mrz/,14/ Mrz/,1,84359,Simbach am Inn
Informationsveranstaltung,14/ Mrz/,14/ Mrz/,1,80933,München
Informationsveranstaltung,14/ Mrz/,14/ Mrz/,1,80933,München
BKA ,14/ Mrz/,18/ Mrz/,5,83043,Bad Aibling
BKA ,15/ Mrz/,16/ Mrz/,2,97421,Schweinfurt
Jobbörse ,16/ Mrz/,16/ Mrz/,1,90766,Fürth
Ausbildungsmesse ,16/ Mrz/,16/ Mrz/,1,96142,Hollfeld
Informationsveranstaltung,16/ Mrz/,16/ Mrz/,1,91443,Scheinfeld
Informationsveranstaltung,16/ Mrz/,16/ Mrz/,1,97422,Schweinfurt
Berufsinformationstag ,17/ Mrz/,17/ Mrz/,1,85283,Wolnzach
Berufsinformationsveranstaltung ,17/ Mrz/,17/ Mrz/,1,83250,Marquartstein
Informationsveranstaltung,17/ Mrz/,17/ Mrz/,1,87634,Obergünzburg
BerufsInfoTag ,18/ Mrz/,18/ Mrz/,1,91126,Schwabach
Berufsinformationstag ,18/ Mrz/,18/ Mrz/,1,82538,Geretsried
Informationsveranstaltung,18/ Mrz/,18/ Mrz/,1,91126,Schwabach
Informationsveranstaltung,18/ Mrz/,18/ Mrz/,1,83435,Bad Reichenhall
SBIT,19/ Mrz/,19/ Mrz/,1,97424,Schweinfurt
BKA ,4/ Apr/,7/ Apr/,4,87700,Memmingen
BKA ,4/ Apr/,8/ Apr/,5,83278,Traunstein
BKA,4/ Apr/,8/ Apr/,5,63741,Aschaffenburg
Vocatium,5/ Apr/,6/ Apr/,2,82256,Fürstenfeldbruck
Ausbildungsstellenbörse,7/ Apr/,7/ Apr/,1,91522,Ansbach
Berufe in Uniform,7/ Apr/,7/ Apr/,1,91781,Weißenburg
Messe INN-Trend,7/ Apr/,10/ Apr/,4,84453,Mühldorf a. Inn
Berufsinformationstag ,8/ Apr/,8/ Apr/,1,86956,Schongau
Ausbildungsbörse,9/ Apr/,9/ Apr/,1,91074,Herzogenaurach
BKA,11/ Apr/,14/ Apr/,4,87719,Mindelheim
BKA,11/ Apr/,15/ Apr/,5,86720,Nördlingen
Vocatium,12/ Apr/,12/ Apr/,1,91052,Erlangen
Jobbörse firstcontact 2016 ,12/ Apr/,12/ Apr/,1,94469,Deggendorf
BKA ,12/ Apr/,14/ Apr/,3,83395,Freilassing
20. Studentische Karrierebörse,13/ Apr/,13/ Apr/,1,84036,Landshut
Ausbildungsmesse,15/ Apr/,15/ Apr/,1,96465,Neustadt b. Coburg
Bildungsmesse Inn-Salzach,15/ Apr/,16/ Apr/,2,84489,Burghausen
Ausbildungsmesse,16/ Apr/,16/ Apr/,1,92637,Weiden
Berufsinfortmationstag,16/ Apr/,16/ Apr/,1,97072,Würzburg
17. Berufsinfomesse Lindau-Westallgäu,16/ Apr/,16/ Apr/,1,88161,Lindenberg
BKA ,18/ Apr/,22/ Apr/,5,84453,Mühldorf a. Inn
Akllgäuer Hochschulmesse,20/ Apr/,20/ Apr/,1,87435,Kempten
Berufe in Uniform,21/ Apr/,21/ Apr/,1,91522,Ansbach
Berufsinformationsmesse ,21/ Apr/,21/ Apr/,1,93053,Regensburg
Ausbildungsmesse,21/ Apr/,22/ Apr/,2,87616,Marktoberdorf
IHK-Messe,22/ Apr/,23/ Apr/,2,96450,Coburg
"Infotag ""Jugend & Beruf""",23/ Apr/,23/ Apr/,1,97616,Bad Neustadt a.d.S.
Gewerbeschau Altmühl-Jura,23/ Apr/,24/ Apr/,2,92334,Berching
Motorradsternfahrt,23/ Apr/,24/ Apr/,2,95326,Kulmbach
"Blaulichtveranstaltung ""FIRETAGE 2016""",23/ Apr/,24/ Apr/,2,80339,München
Jubiläumsveranstaltung ,24/ Apr/,24/ Apr/,1,94315,Straubing
BKA BS,25/ Apr/,29/ Apr/,5,84503,Altötting
BKA BS,25/ Apr/,29/ Apr/,5,95445,Bayreuth
Vocatium,26/ Apr/,27/ Apr/,2,81549,München
Girls Day AufklBtl 8,28/ Apr/,28/ Apr/,1,94078,Freyung
Tag der Wirtschaft,28/ Apr/,28/ Apr/,1,90762,Fürth
Schaufenster Nabburg,30/ Apr/,1/ Mai/,2,92507,Nabburg
Weilheimer Aulauf,1/ Mai/,1/ Mai/,1,82362,Weilheim
"Ausbildungsmesse ""Angel dir deinen Arbeitsplatz""",4/ Mai/,4/ Mai/,1,94315,Straubing
JobGate,4/ Mai/,4/ Mai/,1,90443,Nürnberg
DIWA,5/ Mai/,8/ Mai/,4,94469,Deggendorf
Regensburg Marathon,7/ Mai/,8/ Mai/,2,93047,Regensburg
BKA ,9/ Mai/,13/ Mai/,5,94315,Straubing
BKA,9/ Mai/,13/ Mai/,5,87700,Memmingen
Tag der Pflegenden,10/ Mai/,10/ Mai/,1,91052,Erlangen
17. Unternehmerbörse,10/ Mai/,10/ Mai/,1,95028,Hof
Vocatium,10/ Mai/,11/ Mai/,2,86159,Augsburg
Contact,11/ Mai/,11/ Mai/,1,85053,Ingolstadt
careerday 2016 ,11/ Mai/,11/ Mai/,1,92224,Amberg
jobvector career day,13/ Mai/,13/ Mai/,1,81823,München
Tag der Reservisten,21/ Mai/,22/ Mai/,2,97688,Bad Kissingen
BKA,30/ Mai/,3/ Jun/,5,86551,Aichach
BKA ,6/ Jun/,8/ Jun/,3,83278,Traunstein
BKA ,6/ Jun/,8/ Jun/,3,97072,Würzburg
Vocatium,7/ Jun/,8/ Jun/,2,95030,Hof
Akademika,8/ Jun/,9/ Jun/,2,90471,Nürnberg
BKA,8/ Jun/,10/ Jun/,3,83278,Traunstein
Tag der Schulen,9/ Jun/,10/ Jun/,2,97209,Veitshöchheim
17. KWF-Tagung,9/ Jun/,12/ Jun/,4,93426,Roding
Wirtschaftsmesse,10/ Jun/,12/ Jun/,3,91541,Rothenburg o. d. Tauber
Tag der Bundeswehr ,11/ Jun/,11/ Jun/,1,97209,Veitshöchheim
Tag der Bundeswehr ,11/ Jun/,11/ Jun/,1,86633,Neuburg a.d.D.
Tag der Bundeswehr ,11/ Jun/,11/ Jun/,1,85579,Neubiberg
Operation Karriere,11/ Jun/,11/ Jun/,1,80339,München
MUNA Museum,12/ Jun/,12/ Jun/,1,91613,Marktbergel
BKA BS I,13/ Jun/,17/ Jun/,5,83278,Traunstein
BKA BS,13/ Jun/,17/ Jun/,5,95445,Bayreuth
Allgäutour I Ostallgäu,13/ Jun/,17/ Jun/,5,87629,Füssen
Karriere-Kontakte,15/ Jun/,15/ Jun/,1,93053,Regensburg
Nacht der Ausbildung,17/ Jun/,17/ Jun/,1,91154,Roth
Jobmeile,18/ Jun/,18/ Jun/,1,92318,Neumarkt i.d.O.
Open Air Konzert Big Band der Bundeswehr,18/ Jun/,18/ Jun/,1,86899,Landsberg am Lech
River Race,19/ Jun/,19/ Jun/,1,97422,Schweinfurt
Tag der offen Tür ArtBtl  131,19/ Jun/,19/ Jun/,1,92637,Weiden
Tag der offenen Tür LogBtl 472,19/ Jun/,19/ Jun/,1,92245,Kümmersbrück
BKA,20/ Jun/,22/ Jun/,3,97616,Bad Neustadt a.d.S.
IKOM,20/ Jun/,23/ Jun/,4,85748,Garching
BKA,20/ Jun/,24/ Jun/,5,83278,Traunstein
Vocatium,22/ Jun/,23/ Jun/,2,93138,Lappersdorf
Bürgerfest am Wasserturm,26/ Jun/,26/ Jun/,1,86836,Graben 
BKA BS,27/ Jun/,30/ Jun/,4,97688,Bad Kissingen
Vocatium,28/ Jun/,28/ Jun/,1,85049,Ingolstadt
bonding,28/ Jun/,29/ Jun/,2,91054,Erlangen
Vocatium,30/ Jun/,1/ Jul/,2,89231,Neu-Ulm
Traumberuf IT & Technik,1/ Jul/,1/ Jul/,1,80807,München
"Trendsportveranstaltung ""MUNICH MASH 2016""",1/ Jul/,3/ Jul/,3,80809,München
Stadtfest,2/ Jul/,2/ Jul/,1,83435,Bad Reichenhall
Tag der Franken,2/ Jul/,2/ Jul/,1,95030,Hof
Vocatium,5/ Jul/,6/ Jul/,2,97072,Würzburg
Tage der Schulen PzGrenBtl 112,5/ Jul/,8/ Jul/,4,94209,Regen
Absolventenkongress,8/ Jul/,8/ Jul/,1,80807,München
Tag der offenen Tür PzGrenBtl 112,9/ Jul/,9/ Jul/,1,94209,Regen
Ausbildungsmesse,9/ Jul/,9/ Jul/,1,96052,Bamberg
Tag der Schulen,11/ Jul/,12/ Jul/,2,93047,Regensburg
BKA,11/ Jul/,15/ Jul/,5,91074,Herzogenaurach
Allgäutour II Westallgäu/Bodensee,11/ Jul/,16/ Jul/,6,88131,Lindau
Vocatium,13/ Jul/,14/ Jul/,2,90478,Nürnberg
Stadtfest,16/ Jul/,16/ Jul/,1,95111,Rehau
Auto- und Zweiradausstellung,17/ Jul/,17/ Jul/,1,92670,Windischeschenbach
Tag der offenen Tür PzGrenBtl 122,17/ Jul/,17/ Jul/,1,92526,Oberviechtach
Tag der Schulen PzGrenBtl 122,18/ Jul/,18/ Jul/,1,92526,Oberviechtach
Vocatium,20/ Jul/,21/ Jul/,2,84036,Landshut
BKA,25/ Jul/,29/ Jul/,5,84028,Landshut
Allgäutour III Ferientour,1/ Aug/,6/ Aug/,6,87435,Kempten
Deutsch-Amerikanisches Volksfest,5/ Aug/,7/ Aug/,3,92655,Grafenwöhr
Ausstellung Ostbayernschau,13/ Aug/,21/ Aug/,9,94315,Straubing
Jobmesse,7/ Sep/,7/ Sep/,1,90478,Nürnberg
Chamlandschau,16/ Sep/,19/ Sep/,4,93413,Cham
BKA BS,19/ Sep/,23/ Sep/,5,95445,Bayreuth
Berufswahlinformationsabend,22/ Sep/,22/ Sep/,1,91301,Forchheim
Open Air Konzert Big Band der Bundeswehr,23/ Sep/,23/ Sep/,1,87527,Sonthofen
Open Air Konzert Big Band der Bundeswehr,24/ Sep/,24/ Sep/,1,87561,Oberstorf
Ausbildungsmesse ,24/ Sep/,24/ Sep/,1,95448,Bayreuth
Ausbildungsmesse ,24/ Sep/,24/ Sep/,1,95615,Marktredwitz
Ausbildungsmesse Landsberg,29/ Sep/,30/ Sep/,2,86916,Kaufering
Austellung ufra - Unterfrankenschau,1/ Okt/,9/ Okt/,9,97421,Schweinfurt
SonnYtag,2/ Okt/,2/ Okt/,1,94078,Freyung
Ausbildungs- u. Berufemesse,6/ Okt/,6/ Okt/,1,91555,Feuchtwangen
Ausbildungsbörse,7/ Okt/,7/ Okt/,1,91413,Neustadt/Aisch
Rottaler Herbstschau,7/ Okt/,9/ Okt/,3,84347,Pfarrkirchen
Ausbildungsmesse,8/ Okt/,8/ Okt/,1,95030,Hof
abi pure,8/ Okt/,8/ Okt/,1,90471,Nürnberg
12. Memminger Ausbildungsmesse,8/ Okt/,8/ Okt/,1,87700,Memmingen
BKA,11/ Okt/,14/ Okt/,4,95676,Wiesau
JobGate,12/ Okt/,12/ Okt/,1,91054,Erlangen
Ausbildungsplatzbörse,12/ Okt/,13/ Okt/,2,90522,Röthenbach
herCAREER,13/ Okt/,14/ Okt/,2,80807,München
Ausbildungsmesse,15/ Okt/,15/ Okt/,1,95326,Kulmbach
BKA BS,17/ Okt/,21/ Okt/,5,95028,Hof
BKA,17/ Okt/,21/ Okt/,5,86609,Donauwörth
VDI Recruting Tag,20/ Okt/,20/ Okt/,1,90478,Nürnberg
Kaufbeurer Ausbildungstag,22/ Okt/,22/ Okt/,1,87600,Kaufbeuren
Messe Consumenta,23/ Okt/,1/ Nov/,10,90471,Nürnberg
BKA,24/ Okt/,28/ Okt/,5,92637,Weiden
BKA ,24/ Okt/,28/ Okt/,5,87435,Kempten
JobGate,26/ Okt/,26/ Okt/,1,,München
Berufsinformationsmesse,17/ Nov/,20/ Nov/,4,A-5020,Salzburg
Einstieg,18/ Nov/,19/ Nov/,2,80938,München
Tage der Schulen,21/ Nov/,24/ Nov/,4,94078,Freyung
Heim + Handwerk,23/ Nov/,27/ Nov/,5,81823,München
